Branch PC,Accuracy,Mispredictions,Correct Predictions,Total,dir_t_pred_t,dir_t_pred_nt,dir_nt_pred_t,dir_nt_pred_nt
aggregate,90.3616%,605293,5674716,6280009,2340706,226038,379255,3334010
0x16f7c,76.3673%,150206,485380,635586,215511,49134,101072,269869
0x16ff0,72.6517%,90322,239943,330265,130028,31069,59253,109915
0x16f94,84.576%,57214,313727,370941,292477,14747,42467,21250
0x1b24c,72.0565%,36048,92955,129003,47491,18554,17494,45464
0x1b21c,72.7319%,35015,93395,128410,42983,18195,16820,50412
0x1b274,81.3772%,24024,104979,129003,79283,10177,13847,25696
0x1b3e8,69.9767%,22268,51901,74169,23786,11813,10455,28115
0x1b418,70.2107%,22174,52262,74436,29248,10801,11373,23014
0x1b440,79.7262%,15091,59345,74436,43892,6933,8158,15453
0x1b578,78.2088%,14392,51653,66045,45839,3694,10698,5814
0x1b058,64.5136%,11559,21014,32573,11280,5895,5664,9734
0x1b624,71.5399%,11398,28651,40049,23838,3368,8030,4813
0x1b088,66.7228%,10877,21809,32686,12997,5306,5571,8812
0x1b6d0,82.4757%,10721,50457,61178,46982,2280,8441,3475
0x1b33c,75.5862%,10536,32620,43156,22672,3562,6974,9948
0x17008,94.8188%,8765,160403,169168,159700,478,8287,703
0x1b77c,77.887%,7872,27727,35599,25802,1390,6482,1925
0x1b0b0,77.7305%,7279,25407,32686,5417,3774,3505,19990
0x1b28c,82.6796%,6849,32694,39543,31040,1302,5547,1654
0x1b508,73.2872%,6644,18228,24872,14732,1922,4722,3496
0x1b458,78.1585%,5157,18454,23611,16989,1190,3967,1465
0x1b828,74.5506%,4658,13645,18303,12286,1202,3456,1359
0x4d250,77.7007%,4628,16126,20754,8120,2258,2370,8006
0x1b328,97.438%,3305,125698,129003,84290,1557,1748,41408
0x1b0c8,86.5248%,3166,20329,23495,7819,1332,1834,12510
0x1ba20,82.0029%,3091,14084,17175,13195,781,2310,889
0x1b350,84.529%,2618,14304,16922,7541,1162,1456,6763
0x1b4f4,96.5729%,2551,71885,74436,48348,1216,1335,23537
0x1b704,80.8745%,2279,9637,11916,2513,1531,748,7124
0x1b5ac,86.4583%,2236,14276,16512,2828,1528,708,11448
0x16fa0,96.8548%,2004,61713,63717,1,1979,25,61712
0x1b514,76.953%,1894,6324,8218,5274,678,1216,1050
0x1b658,88.6008%,1464,11379,12843,1286,1134,330,10093
0x1b7b0,82.7644%,1449,6958,8407,834,1207,242,6124
0x1b2c0,84.2383%,1135,6066,7201,1624,732,403,4442
0x1b164,97.7727%,728,31958,32686,21506,210,518,10452
0x1b48c,87.592%,674,4758,5432,940,482,192,3818
0x4ce5c,97.1471%,609,20738,21347,20738,16,593,0
0x1b1fc,99.7233%,357,128646,129003,327,266,91,128319
0x4c6b4,98.546%,319,21621,21940,293,300,19,21328
0x16f60,99.9615%,220,571650,571870,0,176,44,571650
0x16fd4,99.9353%,208,321067,321275,0,155,53,321067
0x1b3c8,99.7273%,203,74233,74436,112,155,48,74121
0x16fac,99.7677%,148,63569,63717,63569,13,135,0
0x1b038,99.7155%,93,32593,32686,40,73,20,32553
0x1b254,99.9535%,60,128943,129003,128943,60,0,0
0x1b1f0,99.9597%,52,128951,129003,0,0,52,128951
0x1b3f0,99.9501%,37,74132,74169,74132,37,0,0
0x1b224,99.9774%,29,128381,128410,128381,29,0,0
0x4e390,99.8769%,27,21911,21938,21911,27,0,0
0x1b3bc,99.9637%,27,74409,74436,0,0,27,74409
0x4dc50,99.9407%,26,43854,43880,0,0,26,43854
0x4ddac,99.9407%,26,43854,43880,21920,20,6,21934
0x4cbcc,99.7939%,22,10652,10674,9479,9,13,1173
0x4e374,99.8997%,22,21916,21938,0,0,22,21916
0x1b198,99.8995%,17,16905,16922,0,0,17,16905
0x1b5bc,99.8602%,17,12139,12156,0,0,17,12139
0x1b420,99.9785%,16,74420,74436,74420,16,0,0
0x1b02c,99.9541%,15,32671,32686,0,0,15,32671
0x1b060,99.9539%,15,32558,32573,32558,15,0,0
0x4e344,99.9362%,14,21924,21938,0,0,14,21924
0x4b950,99.9362%,14,21924,21938,0,0,14,21924
0x4b974,99.9362%,14,21924,21938,21924,14,0,0
0x1b170,99.8724%,14,10956,10970,0,0,14,10956
0x4b968,99.9407%,13,21925,21938,0,0,13,21925
0x1b090,99.9602%,13,32673,32686,32673,13,0,0
0x1b3b4,99.9518%,12,24861,24873,0,0,12,24861
0x4dc4c,99.9727%,12,43868,43880,0,0,12,43868
0x1b364,99.854%,12,8207,8219,0,0,12,8207
0x1b1e8,99.9745%,11,43145,43156,0,0,11,43145
0x4dc88,99.9772%,10,43870,43880,43870,10,0,0
0x4b91c,99.9544%,10,21928,21938,0,0,10,21928
0x4dc7c,99.9772%,10,43870,43880,0,0,10,43870
0x4b924,99.9544%,10,21928,21938,0,0,10,21928
0x4b900,99.9544%,10,21928,21938,0,0,10,21928
0x17024,99.8999%,9,8980,8989,8980,3,6,0
0x4ce54,99.9625%,8,21339,21347,0,0,8,21339
0x4b90c,99.9635%,8,21930,21938,0,0,8,21930
0x4c6dc,99.9625%,8,21339,21347,0,0,8,21339
0x4e380,99.9635%,8,21930,21938,0,0,8,21930
0x4c808,99.9635%,8,21932,21940,21932,8,0,0
0x4c4b8,99.9635%,8,21932,21940,0,0,8,21932
0x4c718,99.9625%,8,21339,21347,0,0,8,21339
0x49998,99.9615%,8,20746,20754,0,0,8,20746
0x4c710,99.9625%,8,21339,21347,0,0,8,21339
0x4c724,99.9625%,8,21339,21347,21339,8,0,0
0x4cba8,99.4098%,7,1179,1186,588,5,2,591
0x4c6e4,99.9672%,7,21340,21347,0,0,7,21340
0x4de0c,99.9681%,7,21933,21940,0,0,7,21933
0x4c4c4,99.9727%,6,21934,21940,0,0,6,21934
0x4b938,99.9727%,6,21932,21938,0,0,6,21932
0x4ce68,98.9882%,6,587,593,293,4,2,294
0x4dc64,99.9863%,6,43874,43880,0,0,6,43874
0x1b2d0,99.8762%,6,4839,4845,0,0,6,4839
0x4c48c,99.9727%,6,21934,21940,0,0,6,21934
0x1b0fc,99.9651%,5,14339,14344,0,0,5,14339
0x4c720,99.9766%,5,21342,21347,0,0,5,21342
0x1b668,99.952%,5,10418,10423,0,0,5,10418
0x1b7c0,99.9215%,5,6361,6366,0,0,5,6361
0x1b10c,99.9651%,5,14339,14344,0,0,5,14339
0x4a028,99.4376%,5,884,889,294,2,3,590
0x4c6ec,99.9813%,4,21343,21347,0,0,4,21343
0x4c4dc,99.9818%,4,21936,21940,21936,4,0,0
0x1b49c,99.9002%,4,4006,4010,0,0,4,4006
0x4cbd4,99.6627%,4,1182,1186,886,3,1,296
0x4c6f0,99.9813%,4,21343,21347,0,0,4,21343
0x4dc90,99.9863%,3,21937,21940,21937,3,0,0
0x1afec,99.9727%,3,10967,10970,0,0,3,10967
0x1ba64,99.9062%,3,3196,3199,0,0,3,3196
0x4ccd0,99.747%,3,1183,1186,590,3,0,593
0x1d700,99.9727%,3,10967,10970,0,0,3,10967
0x1b85c,99.9377%,3,4812,4815,0,0,3,4812
0x4de20,99.9863%,3,21937,21940,21937,3,0,0
0x1ba54,99.9062%,3,3196,3199,0,0,3,3196
0x4ccdc,99.8314%,2,1184,1186,1184,2,0,0
0x4c708,99.9906%,2,21345,21347,0,0,2,21345
0x1b714,99.9746%,2,7870,7872,0,0,2,7870
0x4cbc0,99.9789%,2,9486,9488,0,0,2,9486
0x4de18,99.9909%,2,21938,21940,0,0,2,21938
0x4cb60,99.6627%,2,591,593,295,2,0,296
0x4d0c0,99.775%,2,887,889,295,1,1,592
0x4d0d0,99.6627%,2,591,593,0,0,2,591
0x16fb8,99.3569%,2,309,311,309,1,1,0
0x4c4b0,99.9909%,2,21938,21940,0,0,2,21938
0x4d13c,99.8875%,1,888,889,0,0,1,888
0x4caf4,99.6622%,1,295,296,295,1,0,0
0x4d1e0,99.6622%,1,295,296,295,1,0,0
0x4a000,99.8875%,1,888,889,0,0,1,888
0x17030,99.3789%,1,160,161,160,1,0,0
0x4a010,99.8875%,1,888,889,0,0,1,888
0x4a018,99.8875%,1,888,889,0,0,1,888
0x4a030,99.8314%,1,592,593,592,1,0,0
0x4ca6c,99.6633%,1,296,297,296,1,0,0
0x80000054,0%,1,0,1,0,1,0,0
0x800003c8,0%,1,0,1,0,1,0,0
0x4ca3c,99.6633%,1,296,297,296,1,0,0
0x4d0e8,99.8314%,1,592,593,0,0,1,592
0x4ce70,99.6622%,1,295,296,295,1,0,0
0x4c6fc,99.9953%,1,21346,21347,0,0,1,21346
0x1b86c,99.9792%,1,4814,4815,0,0,1,4814
0x16fc4,99.3827%,1,161,162,0,0,1,161
0x16f50,99.6774%,1,309,310,0,0,1,309
0x4d0f4,100%,0,593,593,0,0,0,593
0x4cb5c,100%,0,593,593,0,0,0,593
0x4d0ac,100%,0,889,889,0,0,0,889
0x4cb1c,100%,0,297,297,0,0,0,297
0x4cbac,100%,0,593,593,0,0,0,593
0x4cb54,100%,0,296,296,0,0,0,296
0x4ddbc,100%,0,21940,21940,0,0,0,21940
0x80000578,100%,0,1,1,0,0,0,1
0x16fbc,100%,0,1,1,0,0,0,1
0x16dbc,100%,0,10970,10970,0,0,0,10970
0x80000034,100%,0,1,1,0,0,0,1
0x4cb68,100%,0,889,889,0,0,0,889
0x800003e8,100%,0,1,1,0,0,0,1
0x4ca50,100%,0,297,297,0,0,0,297
0x4c694,100%,0,21940,21940,0,0,0,21940
